-- phpMyAdmin SQL Dump
-- version 5.2.1
-- https://www.phpmyadmin.net/
--
-- Host: 127.0.0.1
-- Generation Time: Jun 26, 2025 at 03:28 AM
-- Server version: 10.4.32-MariaDB
-- PHP Version: 8.0.30

SET SQL_MODE = "NO_AUTO_VALUE_ON_ZERO";
START TRANSACTION;
SET time_zone = "+00:00";


/*!40101 SET @OLD_CHARACTER_SET_CLIENT=@@CHARACTER_SET_CLIENT */;
/*!40101 SET @OLD_CHARACTER_SET_RESULTS=@@CHARACTER_SET_RESULTS */;
/*!40101 SET @OLD_COLLATION_CONNECTION=@@COLLATION_CONNECTION */;
/*!40101 SET NAMES utf8mb4 */;

--
-- Database: `inventory`
--

--
-- Dumping data for table `company_settings`
--

INSERT INTO `company_settings` (`id`, `company_name`, `address`, `city`, `province`, `postal_code`, `country`, `phone`, `email`, `logo_path`, `signature_path`) VALUES
(1, 'hunter', 'Jl. Contoh No. 123', 'surabaya', 'Jawa Timur', '12345', 'Indonesia', '02112345678', 'info@perusahaan.com', 'uploads/logo_1750303476.jpeg', 'uploads/signature_1750303468.jpeg');

--
-- Dumping data for table `customers`
--

INSERT INTO `customers` (`id`, `ref_no`, `name`, `company_name`, `company_address`, `city`, `country`) VALUES
(1, 'CUST-001', 'Budi Santoso', 'PT Maju Jaya Abadi', 'Jl. Merdeka No. 45', 'Jakarta', 'Indonesia'),
(2, 'CUST-002', 'Ani Wijaya', 'CV Sejahtera Bersama', 'Jl. Sudirman Kav. 12', 'Surabaya', 'Indonesia'),
(3, 'CUST-003', 'Dewi Lestari', 'UD Sinar Baru', 'Jl. Pahlawan No. 78', 'Bandung', 'Indonesia'),
(4, 'CUST-004', 'Agus Setiawan', 'PT Bintang Terang', 'Jl. Gatot Subroto No. 56', 'Medan', 'Indonesia'),
(5, 'CUST-005', 'Rina Permata', 'CV Mandiri Jaya', 'Jl. Diponegoro No. 34', 'Semarang', 'Indonesia'),
(6, 'CUST-006', 'Eko Prasetyo', 'PT Harapan Bangsa', 'Jl. Thamrin No. 89', 'Makassar', 'Indonesia'),
(7, 'CUST-007', 'Siti Rahayu', 'UD Makmur Sentosa', 'Jl. Ahmad Yani No. 23', 'Palembang', 'Indonesia'),
(8, 'CUST-008', 'Hendra Kurniawan', 'CV Cemerlang Abadi', 'Jl. Surya Kencana No. 67', 'Bekasi', 'Indonesia'),
(9, 'CUST-009', 'Linda Sari', 'PT Anugerah Mulia', 'Jl. Asia Afrika No. 12', 'Tangerang', 'Indonesia'),
(10, 'CUST-010', 'Fajar Nugroho', 'UD Jaya Makmur', 'Jl. Pemuda No. 45', 'Depok', 'Indonesia'),
(11, 'CUST-011', 'Maya Indah', 'PT Sinar Jaya', 'Jl. Kebon Sirih No. 78', 'Bogor', 'Indonesia'),
(12, 'CUST-012', 'Adi Saputra', 'CV Bumi Pratama', 'Jl. Hayam Wuruk No. 56', 'Malang', 'Indonesia'),
(13, 'CUST-013', 'Rini Astuti', 'UD Tunas Baru', 'Jl. Pasar Baru No. 34', 'Yogyakarta', 'Indonesia'),
(14, 'CUST-014', 'Joko Susilo', 'PT Mitra Usaha', 'Jl. Gajah Mada No. 89', 'Denpasar', 'Indonesia'),
(15, 'CUST-015', 'Diana Putri', 'CV Sentosa Jaya', 'Jl. Veteran No. 23', 'Balikpapan', 'Indonesia'),
(16, 'CUST-016', 'Ahmad Fauzi', 'PT Graha Indah', 'Jl. Merak No. 67', 'Padang', 'Indonesia'),
(17, 'CUST-017', 'Sari Dewi', 'UD Mutiara', 'Jl. Anggrek No. 12', 'Pekanbaru', 'Indonesia'),
(18, 'CUST-018', 'Bambang Hermawan', 'CV Bintang Utama', 'Jl. Mawar No. 45', 'Bandar Lampung', 'Indonesia'),
(19, 'CUST-019', 'Ratna Wulandari', 'PT Anugerah Jaya', 'Jl. Kenanga No. 78', 'Banjarmasin', 'Indonesia'),
(20, 'CUST-020', 'Irwan Setiawan', 'UD Sejahtera Baru', 'Jl. Melati No. 56', 'Serang', 'Indonesia'),
(21, 'CUST-021', 'Lina Marlina', 'PT Surya Kencana', 'Jl. Dahlia No. 34', 'Cirebon', 'Indonesia'),
(22, 'CUST-022', 'Andi Wijaya', 'CV Mandiri Sejahtera', 'Jl. Flamboyan No. 89', 'Tegal', 'Indonesia'),
(23, 'CUST-023', 'Rudi Hartono', 'UD Barokah', 'Jl. Kamboja No. 23', 'Batu', 'Indonesia'),
(24, 'CUST-024', 'Nia Fitriani', 'PT Graha Mulia', 'Jl. Teratai No. 67', 'Madiun', 'Indonesia'),
(25, 'CUST-025', 'Eka Pratiwi', 'CV Bumi Indah', 'Jl. Anggrek No. 12', 'Kediri', 'Indonesia'),
(26, 'CUST-026', 'Dodi Permana', 'PT Sinar Baru', 'Jl. Mawar No. 45', 'Blitar', 'Indonesia'),
(27, 'CUST-027', 'Yuni Astuti', 'UD Makmur Jaya', 'Jl. Kenanga No. 78', 'Pasuruan', 'Indonesia'),
(28, 'CUST-028', 'Hadi Susanto', 'CV Cemerlang Jaya', 'Jl. Melati No. 56', 'Probolinggo', 'Indonesia'),
(29, 'CUST-029', 'Rina Amelia', 'PT Anugerah Sentosa', 'Jl. Dahlia No. 34', 'Mojokerto', 'Indonesia'),
(30, 'CUST-030', 'Firman Syah', 'UD Jaya Abadi', 'Jl. Flamboyan No. 89', 'Magelang', 'Indonesia'),
(31, 'CUST-031', 'Dewi Sartika', 'PT Bintang Mulia', 'Jl. Kamboja No. 23', 'Banyuwangi', 'Indonesia'),
(32, 'CUST-032', 'Arief Rahman', 'CV Sejahtera Baru', 'Jl. Teratai No. 67', 'Pekalongan', 'Indonesia'),
(33, 'CUST-033', 'Nurul Hidayah', 'UD Tunas Jaya', 'Jl. Anggrek No. 12', 'Tuban', 'Indonesia'),
(34, 'CUST-034', 'Rizky Pratama', 'PT Mitra Baru', 'Jl. Mawar No. 45', 'Lamongan', 'Indonesia'),
(35, 'CUST-035', 'Siska Wulandari', 'CV Sentosa Abadi', 'Jl. Kenanga No. 78', 'Gresik', 'Indonesia'),
(36, 'CUST-036', 'Doni Setiawan', 'PT Graha Sentosa', 'Jl. Melati No. 56', 'Sidoarjo', 'Indonesia'),
(37, 'CUST-037', 'Lia Agustina', 'UD Mutiara Indah', 'Jl. Dahlia No. 34', 'Jombang', 'Indonesia'),
(38, 'CUST-038', 'Hariyanto', 'CV Bintang Jaya', 'Jl. Flamboyan No. 89', 'Nganjuk', 'Indonesia'),
(39, 'CUST-039', 'Wulan Sari', 'PT Anugerah Makmur', 'Jl. Kamboja No. 23', 'Bojonegoro', 'Indonesia'),
(40, 'CUST-040', 'Rian Permadi', 'UD Sejahtera Makmur', 'Jl. Teratai No. 67', 'Tulungagung', 'Indonesia'),
(41, 'CUST-041', 'Mira Susanti', 'PT Surya Abadi', 'Jl. Anggrek No. 12', 'Trenggalek', 'Indonesia'),
(42, 'CUST-042', 'Aji Santoso', 'CV Mandiri Makmur', 'Jl. Mawar No. 45', 'Ponorogo', 'Indonesia'),
(43, 'CUST-043', 'Dina Rahmawati', 'UD Barokah Jaya', 'Jl. Kenanga No. 78', 'Pacitan', 'Indonesia'),
(44, 'CUST-044', 'Eko Yulianto', 'PT Graha Baru', 'Jl. Melati No. 56', 'Ngawi', 'Indonesia'),
(45, 'CUST-045', 'Rina Puspita', 'CV Bumi Makmur', 'Jl. Dahlia No. 34', 'Magetan', 'Indonesia'),
(46, 'CUST-046', 'Adi Nugroho', 'PT Sinar Makmur', 'Jl. Flamboyan No. 89', 'Tuban', 'Indonesia'),
(47, 'CUST-047', 'Santi Wijaya', 'UD Makmur Abadi', 'Jl. Kamboja No. 23', 'Bondowoso', 'Indonesia'),
(48, 'CUST-048', 'Hendra Gunawan', 'CV Cemerlang Makmur', 'Jl. Teratai No. 67', 'Situbondo', 'Indonesia'),
(49, 'CUST-049', 'Dini Fitriani', 'PT Anugerah Baru', 'Jl. Anggrek No. 12', 'Lumajang', 'Indonesia'),
(50, 'CUST-050', 'Faisal Rahman', 'UD Jaya Sentosa', 'Jl. Mawar No. 45', 'Jember', 'Indonesia'),
(51, 'CUST-051', 'Rina Marlina', 'PT Bintang Makmur', 'Jl. Kenanga No. 78', 'Banyuwangi', 'Indonesia'),
(52, 'CUST-052', 'Ahmad Yudi', 'CV Sejahtera Makmur', 'Jl. Melati No. 56', 'Pamekasan', 'Indonesia'),
(53, 'CUST-053', 'Nia Kurnia', 'UD Tunas Makmur', 'Jl. Dahlia No. 34', 'Sumenep', 'Indonesia'),
(54, 'CUST-054', 'Rizki Ramadhan', 'PT Mitra Makmur', 'Jl. Flamboyan No. 89', 'Sampang', 'Indonesia'),
(55, 'CUST-055', 'Sinta Dewi', 'CV Sentosa Makmur', 'Jl. Kamboja No. 23', 'Bangkalan', 'Indonesia'),
(56, 'CUST-056', 'Doni Prasetyo', 'PT Graha Makmur', 'Jl. Teratai No. 67', 'Sidoarjo', 'Indonesia'),
(57, 'CUST-057', 'Lina Susanti', 'UD Mutiara Makmur', 'Jl. Anggrek No. 12', 'Gresik', 'Indonesia'),
(58, 'CUST-058', 'Haryanto', 'CV Bintang Makmur', 'Jl. Mawar No. 45', 'Lamongan', 'Indonesia'),
(59, 'CUST-059', 'Wulan Anggraeni', 'PT Anugerah Makmur', 'Jl. Kenanga No. 78', 'Tuban', 'Indonesia'),
(60, 'CUST-060', 'Rian Saputra', 'UD Sejahtera Makmur', 'Jl. Melati No. 56', 'Bojonegoro', 'Indonesia'),
(61, 'CUST-061', 'Mira Wulandari', 'PT Surya Makmur', 'Jl. Dahlia No. 34', 'Nganjuk', 'Indonesia'),
(62, 'CUST-062', 'Aji Setiawan', 'CV Mandiri Makmur', 'Jl. Flamboyan No. 89', 'Jombang', 'Indonesia'),
(63, 'CUST-063', 'Dina Puspita', 'UD Barokah Makmur', 'Jl. Kamboja No. 23', 'Mojokerto', 'Indonesia'),
(64, 'CUST-064', 'Eko Santoso', 'PT Graha Makmur', 'Jl. Teratai No. 67', 'Pasuruan', 'Indonesia'),
(65, 'CUST-065', 'Rina Anggraeni', 'CV Bumi Makmur', 'Jl. Anggrek No. 12', 'Probolinggo', 'Indonesia'),
(66, 'CUST-066', 'Adi Saputra', 'PT Sinar Makmur', 'Jl. Mawar No. 45', 'Malang', 'Indonesia'),
(67, 'CUST-067', 'Santi Rahayu', 'UD Makmur Makmur', 'Jl. Kenanga No. 78', 'Blitar', 'Indonesia'),
(68, 'CUST-068', 'Hendra Wijaya', 'CV Cemerlang Makmur', 'Jl. Melati No. 56', 'Kediri', 'Indonesia'),
(69, 'CUST-069', 'Dini Kurnia', 'PT Anugerah Makmur', 'Jl. Dahlia No. 34', 'Tulungagung', 'Indonesia'),
(70, 'CUST-070', 'Faisal Ramadhan', 'UD Jaya Makmur', 'Jl. Flamboyan No. 89', 'Trenggalek', 'Indonesia'),
(71, 'CUST-071', 'Rina Susanti', 'PT Bintang Makmur', 'Jl. Kamboja No. 23', 'Ponorogo', 'Indonesia'),
(72, 'CUST-072', 'Ahmad Firdaus', 'CV Sejahtera Makmur', 'Jl. Teratai No. 67', 'Pacitan', 'Indonesia'),
(73, 'CUST-073', 'Nia Ramadhani', 'UD Tunas Makmur', 'Jl. Anggrek No. 12', 'Ngawi', 'Indonesia'),
(74, 'CUST-074', 'Rizki Pratama', 'PT Mitra Makmur', 'Jl. Mawar No. 45', 'Magetan', 'Indonesia'),
(75, 'CUST-075', 'Sinta Wulandari', 'CV Sentosa Makmur', 'Jl. Kenanga No. 78', 'Madiun', 'Indonesia'),
(76, 'CUST-076', 'Doni Setiawan', 'PT Graha Makmur', 'Jl. Melati No. 56', 'Batu', 'Indonesia'),
(77, 'CUST-077', 'Lina Anggraeni', 'UD Mutiara Makmur', 'Jl. Dahlia No. 34', 'Tegal', 'Indonesia'),
(78, 'CUST-078', 'Haryanto Saputra', 'CV Bintang Makmur', 'Jl. Flamboyan No. 89', 'Cirebon', 'Indonesia'),
(79, 'CUST-079', 'Wulan Kurnia', 'PT Anugerah Makmur', 'Jl. Kamboja No. 23', 'Serang', 'Indonesia'),
(80, 'CUST-080', 'Rian Santoso', 'UD Sejahtera Makmur', 'Jl. Teratai No. 67', 'Banjarmasin', 'Indonesia'),
(81, 'CUST-081', 'Mira Dewi', 'PT Surya Makmur', 'Jl. Anggrek No. 12', 'Bandar Lampung', 'Indonesia'),
(82, 'CUST-082', 'Aji Rahman', 'CV Mandiri Makmur', 'Jl. Mawar No. 45', 'Pekanbaru', 'Indonesia'),
(83, 'CUST-083', 'Dina Fitriani', 'UD Barokah Makmur', 'Jl. Kenanga No. 78', 'Padang', 'Indonesia'),
(84, 'CUST-084', 'Eko Wijaya', 'PT Graha Makmur', 'Jl. Melati No. 56', 'Balikpapan', 'Indonesia'),
(85, 'CUST-085', 'Rina Puspitasari', 'CV Bumi Makmur', 'Jl. Dahlia No. 34', 'Denpasar', 'Indonesia'),
(86, 'CUST-086', 'Adi Ramadhan', 'PT Sinar Makmur', 'Jl. Flamboyan No. 89', 'Yogyakarta', 'Indonesia'),
(87, 'CUST-087', 'Santi Kurnia', 'UD Makmur Makmur', 'Jl. Kamboja No. 23', 'Malang', 'Indonesia'),
(88, 'CUST-088', 'Hendra Setiawan', 'CV Cemerlang Makmur', 'Jl. Teratai No. 67', 'Semarang', 'Indonesia'),
(89, 'CUST-089', 'Dini Wulandari', 'PT Anugerah Makmur', 'Jl. Anggrek No. 12', 'Bandung', 'Indonesia'),
(90, 'CUST-090', 'Faisal Pratama', 'UD Jaya Makmur', 'Jl. Mawar No. 45', 'Surabaya', 'Indonesia'),
(91, 'CUST-091', 'Rina Anggraini', 'PT Bintang Makmur', 'Jl. Kenanga No. 78', 'Jakarta', 'Indonesia'),
(92, 'CUST-092', 'Ahmad Saputra', 'CV Sejahtera Makmur', 'Jl. Melati No. 56', 'Medan', 'Indonesia'),
(93, 'CUST-093', 'Nia Wulandari', 'UD Tunas Makmur', 'Jl. Dahlia No. 34', 'Makassar', 'Indonesia'),
(94, 'CUST-094', 'Rizki Santoso', 'PT Mitra Makmur', 'Jl. Flamboyan No. 89', 'Palembang', 'Indonesia'),
(95, 'CUST-095', 'Sinta Rahayu', 'CV Sentosa Makmur', 'Jl. Kamboja No. 23', 'Bekasi', 'Indonesia'),
(96, 'CUST-096', 'Doni Wijaya', 'PT Graha Makmur', 'Jl. Teratai No. 67', 'Tangerang', 'Indonesia'),
(97, 'CUST-097', 'Lina Puspita', 'UD Mutiara Makmur', 'Jl. Anggrek No. 12', 'Depok', 'Indonesia'),
(98, 'CUST-098', 'Haryanto Ramadhan', 'CV Bintang Makmur', 'Jl. Mawar No. 45', 'Bogor', 'Indonesia'),
(99, 'CUST-099', 'Wulan Fitriani', 'PT Anugerah Makmur', 'Jl. Kenanga No. 78', 'Cirebon', 'Indonesia'),
(100, 'CUST-100', 'Rian Kurniawan', 'UD Sejahtera Makmur', 'Jl. Melati No. 56', 'Tegal', 'Indonesia');

--
-- Dumping data for table `invoice`
--

INSERT INTO `invoice` (`id`, `invoice_name`, `customer_id`, `tanggal`, `due_date`, `status`, `total_paid`, `note`, `terms_conditions`) VALUES
(1, 'INV-2025-0001', 1, '2025-01-05', '2025-01-20', 'paid', 2475000.00, 'Belum dibayar', 'Pembayaran sebelum due date'),
(2, 'INV-2025-0002', 2, '2025-01-07', '2025-01-22', 'paid', 1720000.00, 'Belum dibayar', 'Barang tidak bisa dikembalikan'),
(3, 'INV-2025-0003', 3, '2025-01-10', '2025-01-25', 'paid', 1165000.00, 'Belum dibayar', 'Bunga 2% per bulan setelah due date'),
(4, 'INV-2025-0004', 4, '2025-01-12', '2025-01-27', 'paid', 540000.00, 'Belum dibayar', 'Pelunasan sebelum pengiriman'),
(5, 'INV-2025-0005', 5, '2025-01-15', '2025-01-30', 'paid', 150000.00, 'Belum dibayar', 'Garansi 1 minggu'),
(6, 'INV-2025-0006', 6, '2025-01-18', '2025-02-02', 'paid', 210000.00, 'Belum dibayar', 'Pembayaran via rekening perusahaan'),
(7, 'INV-2025-0007', 7, '2025-01-20', '2025-02-04', 'paid', 475000.00, 'Belum dibayar', 'Tidak termasuk biaya pengiriman'),
(8, 'INV-2025-0008', 8, '2025-01-22', '2025-02-06', 'paid', 1350000.00, 'Belum dibayar', '3x cicilan tanpa bunga'),
(9, 'INV-2025-0009', 9, '2025-01-25', '2025-02-09', 'paid', 195000.00, 'Belum dibayar', 'Pembelian grosir'),
(10, 'INV-2025-0010', 10, '2025-01-28', '2025-02-12', 'paid', 145000.00, 'Belum dibayar', 'Diskon 10% untuk pembayaran cepat'),
(11, 'INV-2025-0011', 11, '2025-02-01', '2025-02-16', 'paid', 770000.00, 'Belum dibayar', 'Termasuk PPN'),
(12, 'INV-2025-0012', 12, '2025-02-03', '2025-02-18', 'paid', 745000.00, 'Belum dibayar', 'Garansi 14 hari'),
(13, 'INV-2025-0013', 13, '2025-02-05', '2025-02-20', 'paid', 180000.00, 'Belum dibayar', 'Pembayaran sebelum pengiriman'),
(14, 'INV-2025-0014', 14, '2025-02-08', '2025-02-23', 'paid', 370000.00, 'Belum dibayar', 'Pelunasan dalam 7 hari'),
(15, 'INV-2025-0015', 15, '2025-02-10', '2025-02-25', 'paid', 305000.00, 'Belum dibayar', 'Tidak ada retur'),
(16, 'INV-2025-0016', 16, '2025-02-12', '2025-02-27', 'paid', 260000.00, 'Belum dibayar', 'Termasuk biaya packing'),
(17, 'INV-2025-0017', 17, '2025-02-15', '2025-03-02', 'paid', 745000.00, 'Belum dibayar', 'Pembayaran via transfer bank'),
(18, 'INV-2025-0018', 18, '2025-02-17', '2025-03-04', 'paid', 125000.00, 'Belum dibayar', 'Free ongkir area Jabodetabek'),
(19, 'INV-2025-0019', 19, '2025-02-20', '2025-03-07', 'paid', 170000.00, 'Belum dibayar', '5x cicilan tanpa bunga'),
(20, 'INV-2025-0020', 20, '2025-02-22', '2025-03-09', 'paid', 235000.00, 'Belum dibayar', 'Termasuk PPN 11%'),
(21, 'INV-2025-0021', 21, '2025-02-25', '2025-03-12', 'paid', 155000.00, 'Belum dibayar', 'Pembayaran sebelum due date'),
(22, 'INV-2025-0022', 22, '2025-02-27', '2025-03-14', 'paid', 190000.00, 'Belum dibayar', 'Garansi 1 bulan'),
(23, 'INV-2025-0023', 23, '2025-03-01', '2025-03-16', 'paid', 130000.00, 'Belum dibayar', 'Sisa 10% setelah barang diterima'),
(24, 'INV-2025-0024', 24, '2025-03-03', '2025-03-18', 'paid', 75000.00, 'Belum dibayar', 'Tidak termasuk biaya instalasi'),
(25, 'INV-2025-0025', 25, '2025-03-05', '2025-03-20', 'paid', 210000.00, 'Belum dibayar', 'Bunga 1.5% per bulan setelah due date'),
(26, 'INV-2025-0026', 26, '2025-03-08', '2025-03-23', 'paid', 120000.00, 'Belum dibayar', 'Diskon member 5%'),
(27, 'INV-2025-0027', 27, '2025-03-10', '2025-03-25', 'paid', 340000.00, 'Belum dibayar', 'Garansi 7 hari'),
(28, 'INV-2025-0028', 28, '2025-03-12', '2025-03-27', 'paid', 75000.00, 'Belum dibayar', 'Pembayaran via rekening perusahaan'),
(29, 'INV-2025-0029', 29, '2025-03-15', '2025-03-30', 'paid', 83000.00, 'Belum dibayar', 'DP 50%'),
(30, 'INV-2025-0030', 30, '2025-03-17', '2025-04-01', 'paid', 90000.00, 'Belum dibayar', 'Termasuk biaya pengiriman'),
(31, 'INV-2025-0031', 31, '2025-03-20', '2025-04-04', 'paid', 105000.00, 'Belum dibayar', 'Tidak ada retur'),
(32, 'INV-2025-0032', 32, '2025-03-22', '2025-04-06', 'paid', 110000.00, 'Belum dibayar', 'Pembayaran sebelum due date'),
(33, 'INV-2025-0033', 33, '2025-03-25', '2025-04-09', 'paid', 110000.00, 'Belum dibayar', 'Garansi 3 bulan'),
(34, 'INV-2025-0034', 34, '2025-03-27', '2025-04-11', 'partial', 1735000.00, 'Belum dibayar', '3x cicilan tanpa bunga'),
(35, 'INV-2025-0035', 35, '2025-03-30', '2025-04-14', 'paid', 1975000.00, 'Belum dibayar', 'Termasuk PPN 11%'),
(36, 'INV-2025-0036', 36, '2025-04-01', '2025-04-16', 'paid', 1065000.00, 'Belum dibayar', 'Pembayaran via transfer bank'),
(37, 'INV-2025-0037', 37, '2025-04-03', '2025-04-18', 'paid', 990000.00, 'Belum dibayar', 'Free ongkir area Jawa'),
(38, 'INV-2025-0038', 38, '2025-04-05', '2025-04-20', 'paid', 275000.00, 'Belum dibayar', 'DP 50%'),
(39, 'INV-2025-0039', 39, '2025-04-08', '2025-04-23', 'paid', 175000.00, 'Belum dibayar', 'Tidak termasuk biaya packing'),
(40, 'INV-2025-0040', 40, '2025-04-10', '2025-04-25', 'paid', 280000.00, 'Belum dibayar', 'Pembayaran sebelum pengiriman'),
(41, 'INV-2025-0041', 41, '2025-04-12', '2025-04-27', 'paid', 1480000.00, 'Belum dibayar', 'Diskon member 10%'),
(42, 'INV-2025-0042', 42, '2025-04-15', '2025-04-30', 'paid', 280000.00, 'Belum dibayar', 'Garansi 14 hari'),
(43, 'INV-2025-0043', 43, '2025-04-17', '2025-05-02', 'paid', 140000.00, 'Belum dibayar', 'Pembayaran via rekening perusahaan'),
(44, 'INV-2025-0044', 44, '2025-04-20', '2025-05-05', 'paid', 460000.00, 'Belum dibayar', '5x cicilan tanpa bunga'),
(45, 'INV-2025-0045', 45, '2025-04-22', '2025-05-07', 'paid', 920000.00, 'Belum dibayar', 'Termasuk PPN'),
(46, 'INV-2025-0046', 46, '2025-04-25', '2025-05-10', 'paid', 320000.00, 'Belum dibayar', 'Tidak ada retur'),
(47, 'INV-2025-0047', 47, '2025-04-27', '2025-05-12', 'paid', 335000.00, 'Belum dibayar', 'Bunga 2% per bulan setelah due date'),
(48, 'INV-2025-0048', 48, '2025-04-30', '2025-05-15', 'paid', 295000.00, 'Belum dibayar', 'Termasuk biaya pengiriman'),
(49, 'INV-2025-0049', 49, '2025-05-02', '2025-05-17', 'paid', 245000.00, 'Belum dibayar', 'DP 50%'),
(50, 'INV-2025-0050', 50, '2025-05-05', '2025-05-20', 'paid', 820000.00, 'Belum dibayar', 'Garansi 1 bulan'),
(51, 'INV-2025-0051', 51, '2025-05-07', '2025-05-22', 'paid', 105000.00, 'Belum dibayar', 'Pembayaran via transfer bank'),
(52, 'INV-2025-0052', 52, '2025-05-10', '2025-05-25', 'paid', 165000.00, 'Belum dibayar', 'Free ongkir area Jabodetabek'),
(53, 'INV-2025-0053', 53, '2025-05-12', '2025-05-27', 'paid', 165000.00, 'Belum dibayar', 'Tidak termasuk biaya instalasi'),
(54, 'INV-2025-0054', 54, '2025-05-15', '2025-05-30', 'paid', 200000.00, 'Belum dibayar', 'Pembayaran sebelum due date'),
(55, 'INV-2025-0055', 55, '2025-05-17', '2025-06-01', 'paid', 225000.00, 'Belum dibayar', 'DP 50%'),
(56, 'INV-2025-0056', 56, '2025-05-20', '2025-06-04', 'paid', 150000.00, 'Belum dibayar', 'Diskon 5% untuk pembayaran cepat'),
(57, 'INV-2025-0057', 57, '2025-05-22', '2025-06-06', 'paid', 75000.00, 'Belum dibayar', 'Garansi 7 hari'),
(58, 'INV-2025-0058', 58, '2025-05-25', '2025-06-09', 'paid', 110000.00, 'Belum dibayar', 'Pembayaran via rekening perusahaan'),
(59, 'INV-2025-0059', 59, '2025-05-27', '2025-06-11', 'paid', 205000.00, 'Belum dibayar', '3x cicilan tanpa bunga'),
(60, 'INV-2025-0060', 60, '2025-05-30', '2025-06-14', 'paid', 225000.00, 'Belum dibayar', 'Termasuk PPN 11%'),
(61, 'INV-2025-0061', 61, '2025-06-01', '2025-06-16', 'paid', 210000.00, 'Belum dibayar', 'Tidak ada retur'),
(62, 'INV-2025-0062', 62, '2025-06-03', '2025-06-18', 'paid', 73000.00, 'Belum dibayar', 'Pembayaran sebelum pengiriman'),
(63, 'INV-2025-0063', 63, '2025-06-05', '2025-06-20', 'paid', 90000.00, 'Belum dibayar', 'Garansi 1 minggu'),
(64, 'INV-2025-0064', 64, '2025-06-08', '2025-06-23', 'paid', 105000.00, 'Belum dibayar', 'DP 50%'),
(65, 'INV-2025-0065', 65, '2025-06-10', '2025-06-25', 'paid', 205000.00, 'Belum dibayar', 'Termasuk biaya packing'),
(66, 'INV-2025-0066', 66, '2025-06-12', '2025-06-27', 'paid', 525000.00, 'Belum dibayar', 'Pembayaran via transfer bank'),
(67, 'INV-2025-0067', 67, '2025-06-15', '2025-06-30', 'paid', 2880000.00, 'Belum dibayar', 'Free ongkir area Jawa'),
(68, 'INV-2025-0068', 68, '2025-06-17', '2025-07-02', 'paid', 1115000.00, 'Belum dibayar', 'Tidak termasuk biaya instalasi'),
(69, 'INV-2025-0069', 69, '2025-06-20', '2025-07-05', 'paid', 1215000.00, 'Belum dibayar', 'Bunga 1.5% per bulan setelah due date'),
(70, 'INV-2025-0070', 70, '2025-06-22', '2025-07-07', 'paid', 415000.00, 'Belum dibayar', 'DP 50%'),
(71, 'INV-2025-0071', 71, '2025-06-25', '2025-07-10', 'paid', 90000.00, 'Belum dibayar', 'Diskon member 5%'),
(72, 'INV-2025-0072', 72, '2025-06-27', '2025-07-12', 'paid', 350000.00, 'Belum dibayar', 'Garansi 14 hari'),
(73, 'INV-2025-0073', 73, '2025-06-30', '2025-07-15', 'paid', 735000.00, 'Belum dibayar', 'Pembayaran via rekening perusahaan'),
(74, 'INV-2025-0074', 74, '2025-07-02', '2025-07-17', 'paid', 1020000.00, 'Belum dibayar', '3x cicilan tanpa bunga'),
(75, 'INV-2025-0075', 75, '2025-07-05', '2025-07-20', 'paid', 150000.00, 'Belum dibayar', 'Termasuk PPN'),
(76, 'INV-2025-0076', 76, '2025-07-07', '2025-07-22', 'paid', 390000.00, 'Belum dibayar', 'Tidak ada retur'),
(77, 'INV-2025-0077', 77, '2025-07-10', '2025-07-25', 'paid', 1000000.00, 'Belum dibayar', 'Pembayaran sebelum due date'),
(78, 'INV-2025-0078', 78, '2025-07-12', '2025-07-27', 'paid', 335000.00, 'Belum dibayar', 'Garansi 1 bulan'),
(79, 'INV-2025-0079', 79, '2025-07-15', '2025-07-30', 'paid', 145000.00, 'Belum dibayar', 'DP 50%'),
(80, 'INV-2025-0080', 80, '2025-07-17', '2025-08-01', 'paid', 360000.00, 'Belum dibayar', 'Termasuk biaya pengiriman'),
(81, 'INV-2025-0081', 81, '2025-07-20', '2025-08-05', 'partial', 275000.00, 'Belum dibayar', 'Pembayaran via transfer bank'),
(82, 'INV-2025-0082', 82, '2025-07-22', '2025-08-07', 'paid', 440000.00, 'Belum dibayar', 'Free ongkir area Jabodetabek'),
(83, 'INV-2025-0083', 83, '2025-07-25', '2025-08-10', 'paid', 475000.00, 'Belum dibayar', 'Tidak termasuk biaya instalasi'),
(84, 'INV-2025-0084', 84, '2025-07-27', '2025-08-12', 'paid', 160000.00, 'Belum dibayar', 'Pembayaran sebelum due date'),
(85, 'INV-2025-0085', 85, '2025-07-30', '2025-08-15', 'paid', 160000.00, 'Belum dibayar', 'DP 50%'),
(86, 'INV-2025-0086', 86, '2025-08-01', '2025-08-16', 'paid', 210000.00, 'Belum dibayar', 'Diskon 5% untuk pembayaran cepat'),
(87, 'INV-2025-0087', 87, '2025-08-03', '2025-08-18', 'paid', 210000.00, 'Belum dibayar', 'Garansi 7 hari'),
(88, 'INV-2025-0088', 88, '2025-08-05', '2025-08-20', 'paid', 170000.00, 'Belum dibayar', 'Pembayaran via rekening perusahaan'),
(89, 'INV-2025-0089', 89, '2025-08-08', '2025-08-23', 'paid', 90000.00, 'Belum dibayar', '3x cicilan tanpa bunga'),
(90, 'INV-2025-0090', 90, '2025-08-10', '2025-08-25', 'paid', 65000.00, 'Belum dibayar', 'Termasuk PPN 11%'),
(91, 'INV-2025-0091', 91, '2025-08-12', '2025-08-27', 'paid', 235000.00, 'Belum dibayar', 'Tidak ada retur'),
(92, 'INV-2025-0092', 92, '2025-08-15', '2025-08-30', 'paid', 130000.00, 'Belum dibayar', 'Bunga 2% per bulan setelah due date'),
(93, 'INV-2025-0093', 93, '2025-08-17', '2025-09-01', 'partial', 210000.00, 'Belum dibayar', 'Termasuk biaya pengiriman'),
(94, 'INV-2025-0094', 94, '2025-08-20', '2025-09-05', 'paid', 63000.00, 'Belum dibayar', 'DP 50%'),
(95, 'INV-2025-0095', 95, '2025-08-22', '2025-09-07', 'paid', 90000.00, 'Belum dibayar', 'Garansi 1 bulan'),
(96, 'INV-2025-0096', 96, '2025-08-25', '2025-09-10', 'paid', 105000.00, 'Belum dibayar', 'Pembayaran via transfer bank'),
(97, 'INV-2025-0097', 97, '2025-08-27', '2025-09-12', 'paid', 100000.00, 'Belum dibayar', 'Free ongkir area Jawa'),
(98, 'INV-2025-0098', 98, '2025-08-30', '2025-09-15', 'paid', 105000.00, 'Belum dibayar', 'Tidak termasuk biaya packing'),
(99, 'INV-2025-0099', 99, '2025-09-01', '2025-09-16', 'paid', 105000.00, 'Belum dibayar', 'Pembayaran sebelum due date'),
(100, 'INV-2025-0100', 100, '2025-09-03', '2025-09-18', 'paid', 2475000.00, 'Belum dibayar', 'DP 50%');

--
-- Dumping data for table `invoice_items`
--

INSERT INTO `invoice_items` (`id`, `invoice_id`, `item_id`, `harga`, `jumlah`, `total_harga`) VALUES
(1, 1, 1, 455000, 1, 455000),
(2, 1, 2, 1260000, 1, 1260000),
(3, 1, 3, 760000, 1, 760000),
(4, 2, 4, 860000, 1, 860000),
(5, 2, 5, 355000, 1, 355000),
(6, 2, 6, 505000, 1, 505000),
(7, 3, 7, 255000, 1, 255000),
(8, 3, 8, 305000, 1, 305000),
(9, 3, 9, 605000, 1, 605000),
(10, 4, 10, 205000, 1, 205000),
(11, 4, 11, 180000, 1, 180000),
(12, 4, 12, 155000, 1, 155000),
(13, 5, 13, 80000, 1, 80000),
(14, 5, 14, 40000, 1, 40000),
(15, 5, 15, 30000, 1, 30000),
(16, 6, 16, 20000, 1, 20000),
(17, 6, 17, 125000, 1, 125000),
(18, 6, 18, 65000, 1, 65000),
(19, 7, 19, 160000, 1, 160000),
(20, 7, 20, 55000, 1, 55000),
(21, 7, 21, 260000, 1, 260000),
(22, 8, 22, 410000, 1, 410000),
(23, 8, 23, 810000, 1, 810000),
(24, 8, 24, 130000, 1, 130000),
(25, 9, 25, 80000, 1, 80000),
(26, 9, 26, 70000, 1, 70000),
(27, 9, 27, 45000, 1, 45000),
(28, 10, 28, 35000, 1, 35000),
(29, 10, 29, 60000, 1, 60000),
(30, 10, 30, 50000, 1, 50000),
(31, 11, 31, 280000, 1, 280000),
(32, 11, 32, 130000, 1, 130000),
(33, 11, 33, 360000, 1, 360000),
(34, 12, 34, 510000, 1, 510000),
(35, 12, 35, 50000, 1, 50000),
(36, 12, 36, 185000, 1, 185000),
(37, 13, 37, 100000, 1, 100000),
(38, 13, 38, 35000, 1, 35000),
(39, 13, 39, 45000, 1, 45000),
(40, 14, 40, 65000, 1, 65000),
(41, 14, 41, 225000, 1, 225000),
(42, 14, 42, 80000, 1, 80000),
(43, 15, 43, 55000, 1, 55000),
(44, 15, 44, 160000, 1, 160000),
(45, 15, 45, 90000, 1, 90000),
(46, 16, 46, 125000, 1, 125000),
(47, 16, 47, 30000, 1, 30000),
(48, 16, 48, 105000, 1, 105000),
(49, 17, 49, 305000, 1, 305000),
(50, 17, 50, 410000, 1, 410000),
(51, 17, 51, 30000, 1, 30000),
(52, 18, 52, 35000, 1, 35000),
(53, 18, 53, 40000, 1, 40000),
(54, 18, 54, 50000, 1, 50000),
(55, 19, 55, 70000, 1, 70000),
(56, 19, 56, 45000, 1, 45000),
(57, 19, 57, 55000, 1, 55000),
(58, 20, 58, 60000, 1, 60000),
(59, 20, 59, 50000, 1, 50000),
(60, 20, 60, 125000, 1, 125000),
(61, 21, 61, 35000, 1, 35000),
(62, 21, 62, 40000, 1, 40000),
(63, 21, 63, 80000, 1, 80000),
(64, 22, 64, 90000, 1, 90000),
(65, 22, 65, 55000, 1, 55000),
(66, 22, 66, 45000, 1, 45000),
(67, 23, 67, 70000, 1, 70000),
(68, 23, 68, 35000, 1, 35000),
(69, 23, 69, 25000, 1, 25000),
(70, 24, 70, 30000, 1, 30000),
(71, 24, 71, 20000, 1, 20000),
(72, 24, 72, 25000, 1, 25000),
(73, 25, 73, 20000, 1, 20000),
(74, 25, 74, 65000, 1, 65000),
(75, 25, 75, 125000, 1, 125000),
(76, 26, 76, 45000, 1, 45000),
(77, 26, 77, 35000, 1, 35000),
(78, 26, 78, 40000, 1, 40000),
(79, 27, 79, 55000, 1, 55000),
(80, 27, 80, 130000, 1, 130000),
(81, 27, 81, 155000, 1, 155000),
(82, 28, 82, 30000, 1, 30000),
(83, 28, 83, 25000, 1, 25000),
(84, 28, 84, 20000, 1, 20000),
(85, 29, 85, 18000, 1, 18000),
(86, 29, 86, 35000, 1, 35000),
(87, 29, 87, 30000, 1, 30000),
(88, 30, 88, 25000, 1, 25000),
(89, 30, 89, 35000, 1, 35000),
(90, 30, 90, 30000, 1, 30000),
(91, 31, 91, 40000, 1, 40000),
(92, 31, 92, 35000, 1, 35000),
(93, 31, 93, 30000, 1, 30000),
(94, 32, 94, 35000, 1, 35000),
(95, 32, 95, 40000, 1, 40000),
(96, 32, 96, 35000, 1, 35000),
(97, 33, 97, 30000, 1, 30000),
(98, 33, 98, 35000, 1, 35000),
(99, 33, 99, 45000, 1, 45000),
(100, 34, 100, 25000, 1, 25000),
(101, 34, 1, 455000, 1, 455000),
(102, 34, 2, 1260000, 1, 1260000),
(103, 35, 3, 760000, 1, 760000),
(104, 35, 4, 860000, 1, 860000),
(105, 35, 5, 355000, 1, 355000),
(106, 36, 6, 505000, 1, 505000),
(107, 36, 7, 255000, 1, 255000),
(108, 36, 8, 305000, 1, 305000),
(109, 37, 9, 605000, 1, 605000),
(110, 37, 10, 205000, 1, 205000),
(111, 37, 11, 180000, 1, 180000),
(112, 38, 12, 155000, 1, 155000),
(113, 38, 13, 80000, 1, 80000),
(114, 38, 14, 40000, 1, 40000),
(115, 39, 15, 30000, 1, 30000),
(116, 39, 16, 20000, 1, 20000),
(117, 39, 17, 125000, 1, 125000),
(118, 40, 18, 65000, 1, 65000),
(119, 40, 19, 160000, 1, 160000),
(120, 40, 20, 55000, 1, 55000),
(121, 41, 21, 260000, 1, 260000),
(122, 41, 22, 410000, 1, 410000),
(123, 41, 23, 810000, 1, 810000),
(124, 42, 24, 130000, 1, 130000),
(125, 42, 25, 80000, 1, 80000),
(126, 42, 26, 70000, 1, 70000),
(127, 43, 27, 45000, 1, 45000),
(128, 43, 28, 35000, 1, 35000),
(129, 43, 29, 60000, 1, 60000),
(130, 44, 30, 50000, 1, 50000),
(131, 44, 31, 280000, 1, 280000),
(132, 44, 32, 130000, 1, 130000),
(133, 45, 33, 360000, 1, 360000),
(134, 45, 34, 510000, 1, 510000),
(135, 45, 35, 50000, 1, 50000),
(136, 46, 36, 185000, 1, 185000),
(137, 46, 37, 100000, 1, 100000),
(138, 46, 38, 35000, 1, 35000),
(139, 47, 39, 45000, 1, 45000),
(140, 47, 40, 65000, 1, 65000),
(141, 47, 41, 225000, 1, 225000),
(142, 48, 42, 80000, 1, 80000),
(143, 48, 43, 55000, 1, 55000),
(144, 48, 44, 160000, 1, 160000),
(145, 49, 45, 90000, 1, 90000),
(146, 49, 46, 125000, 1, 125000),
(147, 49, 47, 30000, 1, 30000),
(148, 50, 48, 105000, 1, 105000),
(149, 50, 49, 305000, 1, 305000),
(150, 50, 50, 410000, 1, 410000),
(151, 51, 51, 30000, 1, 30000),
(152, 51, 52, 35000, 1, 35000),
(153, 51, 53, 40000, 1, 40000),
(154, 52, 54, 50000, 1, 50000),
(155, 52, 55, 70000, 1, 70000),
(156, 52, 56, 45000, 1, 45000),
(157, 53, 57, 55000, 1, 55000),
(158, 53, 58, 60000, 1, 60000),
(159, 53, 59, 50000, 1, 50000),
(160, 54, 60, 125000, 1, 125000),
(161, 54, 61, 35000, 1, 35000),
(162, 54, 62, 40000, 1, 40000),
(163, 55, 63, 80000, 1, 80000),
(164, 55, 64, 90000, 1, 90000),
(165, 55, 65, 55000, 1, 55000),
(166, 56, 66, 45000, 1, 45000),
(167, 56, 67, 70000, 1, 70000),
(168, 56, 68, 35000, 1, 35000),
(169, 57, 69, 25000, 1, 25000),
(170, 57, 70, 30000, 1, 30000),
(171, 57, 71, 20000, 1, 20000),
(172, 58, 72, 25000, 1, 25000),
(173, 58, 73, 20000, 1, 20000),
(174, 58, 74, 65000, 1, 65000),
(175, 59, 75, 125000, 1, 125000),
(176, 59, 76, 45000, 1, 45000),
(177, 59, 77, 35000, 1, 35000),
(178, 60, 78, 40000, 1, 40000),
(179, 60, 79, 55000, 1, 55000),
(180, 60, 80, 130000, 1, 130000),
(181, 61, 81, 155000, 1, 155000),
(182, 61, 82, 30000, 1, 30000),
(183, 61, 83, 25000, 1, 25000),
(184, 62, 84, 20000, 1, 20000),
(185, 62, 85, 18000, 1, 18000),
(186, 62, 86, 35000, 1, 35000),
(187, 63, 87, 30000, 1, 30000),
(188, 63, 88, 25000, 1, 25000),
(189, 63, 89, 35000, 1, 35000),
(190, 64, 90, 30000, 1, 30000),
(191, 64, 91, 40000, 1, 40000),
(192, 64, 92, 35000, 1, 35000),
(193, 65, 93, 30000, 1, 30000),
(194, 65, 94, 35000, 1, 35000),
(195, 65, 95, 40000, 1, 40000),
(196, 65, 96, 35000, 1, 35000),
(197, 65, 97, 30000, 1, 30000),
(198, 65, 98, 35000, 1, 35000),
(199, 66, 99, 45000, 1, 45000),
(200, 66, 100, 25000, 1, 25000),
(201, 66, 1, 455000, 1, 455000),
(202, 67, 2, 1260000, 1, 1260000),
(203, 67, 3, 760000, 1, 760000),
(204, 67, 4, 860000, 1, 860000),
(205, 68, 5, 355000, 1, 355000),
(206, 68, 6, 505000, 1, 505000),
(207, 68, 7, 255000, 1, 255000),
(208, 69, 8, 305000, 1, 305000),
(209, 69, 9, 605000, 1, 605000),
(210, 69, 10, 205000, 1, 205000),
(211, 70, 11, 180000, 1, 180000),
(212, 70, 12, 155000, 1, 155000),
(213, 70, 13, 80000, 1, 80000),
(214, 71, 14, 40000, 1, 40000),
(215, 71, 15, 30000, 1, 30000),
(216, 71, 16, 20000, 1, 20000),
(217, 72, 17, 125000, 1, 125000),
(218, 72, 18, 65000, 1, 65000),
(219, 72, 19, 160000, 1, 160000),
(220, 73, 20, 55000, 1, 55000),
(221, 73, 21, 260000, 1, 260000),
(222, 73, 22, 410000, 1, 410000),
(223, 74, 23, 810000, 1, 810000),
(224, 74, 24, 130000, 1, 130000),
(225, 74, 25, 80000, 1, 80000),
(226, 75, 26, 70000, 1, 70000),
(227, 75, 27, 45000, 1, 45000),
(228, 75, 28, 35000, 1, 35000),
(229, 76, 29, 60000, 1, 60000),
(230, 76, 30, 50000, 1, 50000),
(231, 76, 31, 280000, 1, 280000),
(232, 77, 32, 130000, 1, 130000),
(233, 77, 33, 360000, 1, 360000),
(234, 77, 34, 510000, 1, 510000),
(235, 78, 35, 50000, 1, 50000),
(236, 78, 36, 185000, 1, 185000),
(237, 78, 37, 100000, 1, 100000),
(238, 79, 38, 35000, 1, 35000),
(239, 79, 39, 45000, 1, 45000),
(240, 79, 40, 65000, 1, 65000),
(241, 80, 41, 225000, 1, 225000),
(242, 80, 42, 80000, 1, 80000),
(243, 80, 43, 55000, 1, 55000),
(244, 81, 44, 160000, 1, 160000),
(245, 81, 45, 90000, 1, 90000),
(246, 81, 46, 125000, 1, 125000),
(247, 82, 47, 30000, 1, 30000),
(248, 82, 48, 105000, 1, 105000),
(249, 82, 49, 305000, 1, 305000),
(250, 83, 50, 410000, 1, 410000),
(251, 83, 51, 30000, 1, 30000),
(252, 83, 52, 35000, 1, 35000),
(253, 84, 53, 40000, 1, 40000),
(254, 84, 54, 50000, 1, 50000),
(255, 84, 55, 70000, 1, 70000),
(256, 85, 56, 45000, 1, 45000),
(257, 85, 57, 55000, 1, 55000),
(258, 85, 58, 60000, 1, 60000),
(259, 86, 59, 50000, 1, 50000),
(260, 86, 60, 125000, 1, 125000),
(261, 86, 61, 35000, 1, 35000),
(262, 87, 62, 40000, 1, 40000),
(263, 87, 63, 80000, 1, 80000),
(264, 87, 64, 90000, 1, 90000),
(265, 88, 65, 55000, 1, 55000),
(266, 88, 66, 45000, 1, 45000),
(267, 88, 67, 70000, 1, 70000),
(268, 89, 68, 35000, 1, 35000),
(269, 89, 69, 25000, 1, 25000),
(270, 89, 70, 30000, 1, 30000),
(271, 90, 71, 20000, 1, 20000),
(272, 90, 72, 25000, 1, 25000),
(273, 90, 73, 20000, 1, 20000),
(274, 91, 74, 65000, 1, 65000),
(275, 91, 75, 125000, 1, 125000),
(276, 91, 76, 45000, 1, 45000),
(277, 92, 77, 35000, 1, 35000),
(278, 92, 78, 40000, 1, 40000),
(279, 92, 79, 55000, 1, 55000),
(280, 93, 80, 130000, 1, 130000),
(281, 93, 81, 155000, 1, 155000),
(282, 93, 82, 30000, 1, 30000),
(283, 94, 83, 25000, 1, 25000),
(284, 94, 84, 20000, 1, 20000),
(285, 94, 85, 18000, 1, 18000),
(286, 95, 86, 35000, 1, 35000),
(287, 95, 87, 30000, 1, 30000),
(288, 95, 88, 25000, 1, 25000),
(289, 96, 89, 35000, 1, 35000),
(290, 96, 90, 30000, 1, 30000),
(291, 96, 91, 40000, 1, 40000),
(292, 97, 92, 35000, 1, 35000),
(293, 97, 93, 30000, 1, 30000),
(294, 97, 94, 35000, 1, 35000),
(295, 98, 95, 40000, 1, 40000),
(296, 98, 96, 35000, 1, 35000),
(297, 98, 97, 30000, 1, 30000),
(298, 99, 98, 35000, 1, 35000),
(299, 99, 99, 45000, 1, 45000),
(300, 99, 100, 25000, 1, 25000),
(301, 100, 1, 455000, 1, 455000),
(302, 100, 2, 1260000, 1, 1260000),
(303, 100, 3, 760000, 1, 760000);

--
-- Dumping data for table `invoice_payments`
--

INSERT INTO `invoice_payments` (`id`, `invoice_id`, `payment_date`, `amount`, `created_at`) VALUES
(1, 1, '2025-01-08', 1237500.00, '2025-01-08'),
(2, 1, '2025-01-15', 1237500.00, '2025-01-15'),
(3, 2, '2025-01-10', 860000.00, '2025-01-10'),
(4, 2, '2025-01-17', 860000.00, '2025-01-17'),
(5, 3, '2025-01-12', 582500.00, '2025-01-12'),
(6, 3, '2025-01-19', 582500.00, '2025-01-19'),
(7, 4, '2025-01-14', 270000.00, '2025-01-14'),
(8, 4, '2025-01-21', 270000.00, '2025-01-21'),
(9, 5, '2025-01-16', 75000.00, '2025-01-16'),
(10, 5, '2025-01-23', 75000.00, '2025-01-23'),
(11, 6, '2025-01-18', 105000.00, '2025-01-18'),
(12, 6, '2025-01-25', 105000.00, '2025-01-25'),
(13, 7, '2025-01-20', 237500.00, '2025-01-20'),
(14, 7, '2025-01-27', 237500.00, '2025-01-27'),
(15, 8, '2025-01-22', 675000.00, '2025-01-22'),
(16, 8, '2025-01-29', 675000.00, '2025-01-29'),
(17, 9, '2025-01-24', 97500.00, '2025-01-24'),
(18, 9, '2025-01-31', 97500.00, '2025-01-31'),
(19, 10, '2025-01-26', 72500.00, '2025-01-26'),
(20, 10, '2025-02-02', 72500.00, '2025-02-02'),
(21, 11, '2025-02-03', 385000.00, '2025-02-03'),
(22, 11, '2025-02-10', 385000.00, '2025-02-10'),
(23, 12, '2025-02-05', 372500.00, '2025-02-05'),
(24, 12, '2025-02-12', 372500.00, '2025-02-12'),
(25, 13, '2025-02-07', 90000.00, '2025-02-07'),
(26, 13, '2025-02-14', 90000.00, '2025-02-14'),
(27, 14, '2025-02-09', 185000.00, '2025-02-09'),
(28, 14, '2025-02-16', 185000.00, '2025-02-16'),
(29, 15, '2025-02-11', 152500.00, '2025-02-11'),
(30, 15, '2025-02-18', 152500.00, '2025-02-18'),
(31, 16, '2025-02-13', 130000.00, '2025-02-13'),
(32, 16, '2025-02-20', 130000.00, '2025-02-20'),
(33, 17, '2025-02-15', 372500.00, '2025-02-15'),
(34, 17, '2025-02-22', 372500.00, '2025-02-22'),
(35, 18, '2025-02-17', 62500.00, '2025-02-17'),
(36, 18, '2025-02-24', 62500.00, '2025-02-24'),
(37, 19, '2025-02-19', 85000.00, '2025-02-19'),
(38, 19, '2025-02-26', 85000.00, '2025-02-26'),
(39, 20, '2025-02-21', 117500.00, '2025-02-21'),
(40, 20, '2025-02-28', 117500.00, '2025-02-28'),
(41, 21, '2025-03-05', 77500.00, '2025-03-05'),
(42, 21, '2025-03-12', 77500.00, '2025-03-12'),
(43, 22, '2025-03-07', 95000.00, '2025-03-07'),
(44, 22, '2025-03-14', 95000.00, '2025-03-14'),
(45, 23, '2025-03-09', 65000.00, '2025-03-09'),
(46, 23, '2025-03-16', 65000.00, '2025-03-16'),
(47, 24, '2025-03-11', 37500.00, '2025-03-11'),
(48, 24, '2025-03-18', 37500.00, '2025-03-18'),
(49, 25, '2025-03-13', 105000.00, '2025-03-13'),
(50, 25, '2025-03-20', 105000.00, '2025-03-20'),
(51, 26, '2025-03-15', 60000.00, '2025-03-15'),
(52, 26, '2025-03-22', 60000.00, '2025-03-22'),
(53, 27, '2025-03-17', 170000.00, '2025-03-17'),
(54, 27, '2025-03-24', 170000.00, '2025-03-24'),
(55, 28, '2025-03-19', 37500.00, '2025-03-19'),
(56, 28, '2025-03-26', 37500.00, '2025-03-26'),
(57, 29, '2025-03-21', 41500.00, '2025-03-21'),
(58, 29, '2025-03-28', 41500.00, '2025-03-28'),
(59, 30, '2025-03-23', 45000.00, '2025-03-23'),
(60, 30, '2025-03-30', 45000.00, '2025-03-30'),
(61, 31, '2025-03-25', 52500.00, '2025-03-25'),
(62, 31, '2025-04-01', 52500.00, '2025-04-01'),
(63, 32, '2025-03-27', 55000.00, '2025-03-27'),
(64, 32, '2025-04-03', 55000.00, '2025-04-03'),
(65, 33, '2025-03-29', 55000.00, '2025-03-29'),
(66, 33, '2025-04-05', 55000.00, '2025-04-05'),
(67, 34, '2025-03-31', 867500.00, '2025-03-31'),
(68, 34, '2025-04-07', 867500.00, '2025-04-07'),
(69, 35, '2025-04-02', 987500.00, '2025-04-02'),
(70, 35, '2025-04-09', 987500.00, '2025-04-09'),
(71, 36, '2025-04-04', 532500.00, '2025-04-04'),
(72, 36, '2025-04-11', 532500.00, '2025-04-11'),
(73, 37, '2025-04-06', 495000.00, '2025-04-06'),
(74, 37, '2025-04-13', 495000.00, '2025-04-13'),
(75, 38, '2025-04-08', 137500.00, '2025-04-08'),
(76, 38, '2025-04-15', 137500.00, '2025-04-15'),
(77, 39, '2025-04-10', 87500.00, '2025-04-10'),
(78, 39, '2025-04-17', 87500.00, '2025-04-17'),
(79, 40, '2025-04-12', 140000.00, '2025-04-12'),
(80, 40, '2025-04-19', 140000.00, '2025-04-19'),
(81, 41, '2025-04-14', 740000.00, '2025-04-14'),
(82, 41, '2025-04-21', 740000.00, '2025-04-21'),
(83, 42, '2025-04-16', 140000.00, '2025-04-16'),
(84, 42, '2025-04-23', 140000.00, '2025-04-23'),
(85, 43, '2025-04-18', 70000.00, '2025-04-18'),
(86, 43, '2025-04-25', 70000.00, '2025-04-25'),
(87, 44, '2025-04-20', 230000.00, '2025-04-20'),
(88, 44, '2025-04-27', 230000.00, '2025-04-27'),
(89, 45, '2025-04-22', 460000.00, '2025-04-22'),
(90, 45, '2025-04-29', 460000.00, '2025-04-29'),
(91, 46, '2025-04-24', 160000.00, '2025-04-24'),
(92, 46, '2025-05-01', 160000.00, '2025-05-01'),
(93, 47, '2025-04-26', 167500.00, '2025-04-26'),
(94, 47, '2025-05-03', 167500.00, '2025-05-03'),
(95, 48, '2025-04-28', 147500.00, '2025-04-28'),
(96, 48, '2025-05-05', 147500.00, '2025-05-05'),
(97, 49, '2025-04-30', 122500.00, '2025-04-30'),
(98, 49, '2025-05-07', 122500.00, '2025-05-07'),
(99, 50, '2025-05-02', 410000.00, '2025-05-02'),
(100, 50, '2025-05-09', 410000.00, '2025-05-09'),
(101, 51, '2025-05-04', 52500.00, '2025-05-04'),
(102, 51, '2025-05-11', 52500.00, '2025-05-11'),
(103, 52, '2025-05-06', 82500.00, '2025-05-06'),
(104, 52, '2025-05-13', 82500.00, '2025-05-13'),
(105, 53, '2025-05-08', 82500.00, '2025-05-08'),
(106, 53, '2025-05-15', 82500.00, '2025-05-15'),
(107, 54, '2025-05-10', 100000.00, '2025-05-10'),
(108, 54, '2025-05-17', 100000.00, '2025-05-17'),
(109, 55, '2025-05-12', 112500.00, '2025-05-12'),
(110, 55, '2025-05-19', 112500.00, '2025-05-19'),
(111, 56, '2025-05-14', 75000.00, '2025-05-14'),
(112, 56, '2025-05-21', 75000.00, '2025-05-21'),
(113, 57, '2025-05-16', 37500.00, '2025-05-16'),
(114, 57, '2025-05-23', 37500.00, '2025-05-23'),
(115, 58, '2025-05-18', 55000.00, '2025-05-18'),
(116, 58, '2025-05-25', 55000.00, '2025-05-25'),
(117, 59, '2025-05-20', 102500.00, '2025-05-20'),
(118, 59, '2025-05-27', 102500.00, '2025-05-27'),
(119, 60, '2025-05-22', 112500.00, '2025-05-22'),
(120, 60, '2025-05-29', 112500.00, '2025-05-29'),
(121, 61, '2025-05-24', 105000.00, '2025-05-24'),
(122, 61, '2025-05-31', 105000.00, '2025-05-31'),
(123, 62, '2025-05-26', 36500.00, '2025-05-26'),
(124, 62, '2025-06-02', 36500.00, '2025-06-02'),
(125, 63, '2025-05-28', 45000.00, '2025-05-28'),
(126, 63, '2025-06-04', 45000.00, '2025-06-04'),
(127, 64, '2025-05-30', 52500.00, '2025-05-30'),
(128, 64, '2025-06-06', 52500.00, '2025-06-06'),
(129, 65, '2025-06-01', 52500.00, '2025-06-01'),
(130, 65, '2025-06-08', 52500.00, '2025-06-08'),
(131, 65, '2025-06-03', 50000.00, '2025-06-03'),
(132, 65, '2025-06-10', 50000.00, '2025-06-10'),
(133, 66, '2025-06-05', 262500.00, '2025-06-05'),
(134, 66, '2025-06-12', 262500.00, '2025-06-12'),
(135, 67, '2025-06-07', 1440000.00, '2025-06-07'),
(136, 67, '2025-06-14', 1440000.00, '2025-06-14'),
(137, 68, '2025-06-09', 557500.00, '2025-06-09'),
(138, 68, '2025-06-16', 557500.00, '2025-06-16'),
(139, 69, '2025-06-11', 607500.00, '2025-06-11'),
(140, 69, '2025-06-18', 607500.00, '2025-06-18'),
(141, 70, '2025-06-13', 207500.00, '2025-06-13'),
(142, 70, '2025-06-20', 207500.00, '2025-06-20'),
(143, 71, '2025-06-15', 45000.00, '2025-06-15'),
(144, 71, '2025-06-22', 45000.00, '2025-06-22'),
(145, 72, '2025-06-17', 175000.00, '2025-06-17'),
(146, 72, '2025-06-24', 175000.00, '2025-06-24'),
(147, 73, '2025-06-19', 367500.00, '2025-06-19'),
(148, 73, '2025-06-26', 367500.00, '2025-06-26'),
(149, 74, '2025-06-21', 510000.00, '2025-06-21'),
(150, 74, '2025-06-28', 510000.00, '2025-06-28'),
(151, 75, '2025-06-23', 75000.00, '2025-06-23'),
(152, 75, '2025-06-30', 75000.00, '2025-06-30'),
(153, 76, '2025-06-25', 195000.00, '2025-06-25'),
(154, 76, '2025-07-02', 195000.00, '2025-07-02'),
(155, 77, '2025-06-27', 500000.00, '2025-06-27'),
(156, 77, '2025-07-04', 500000.00, '2025-07-04'),
(157, 78, '2025-06-29', 167500.00, '2025-06-29'),
(158, 78, '2025-07-06', 167500.00, '2025-07-06'),
(159, 79, '2025-07-01', 72500.00, '2025-07-01'),
(160, 79, '2025-07-08', 72500.00, '2025-07-08'),
(161, 80, '2025-07-03', 180000.00, '2025-07-03'),
(162, 80, '2025-07-10', 180000.00, '2025-07-10'),
(163, 81, '2025-07-05', 137500.00, '2025-07-05'),
(164, 81, '2025-07-12', 137500.00, '2025-07-12'),
(165, 82, '2025-07-07', 220000.00, '2025-07-07'),
(166, 82, '2025-07-14', 220000.00, '2025-07-14'),
(167, 83, '2025-07-09', 237500.00, '2025-07-09'),
(168, 83, '2025-07-16', 237500.00, '2025-07-16'),
(169, 84, '2025-07-11', 80000.00, '2025-07-11'),
(170, 84, '2025-07-18', 80000.00, '2025-07-18'),
(171, 85, '2025-07-13', 80000.00, '2025-07-13'),
(172, 85, '2025-07-20', 80000.00, '2025-07-20'),
(173, 86, '2025-07-15', 105000.00, '2025-07-15'),
(174, 86, '2025-07-22', 105000.00, '2025-07-22'),
(175, 87, '2025-07-17', 105000.00, '2025-07-17'),
(176, 87, '2025-07-24', 105000.00, '2025-07-24'),
(177, 88, '2025-07-19', 85000.00, '2025-07-19'),
(178, 88, '2025-07-26', 85000.00, '2025-07-26'),
(179, 89, '2025-07-21', 45000.00, '2025-07-21'),
(180, 89, '2025-07-28', 45000.00, '2025-07-28'),
(181, 90, '2025-07-23', 32500.00, '2025-07-23'),
(182, 90, '2025-07-30', 32500.00, '2025-07-30'),
(183, 91, '2025-07-25', 117500.00, '2025-07-25'),
(184, 91, '2025-08-01', 117500.00, '2025-08-01'),
(185, 92, '2025-07-27', 65000.00, '2025-07-27'),
(186, 92, '2025-08-03', 65000.00, '2025-08-03'),
(187, 93, '2025-07-29', 105000.00, '2025-07-29'),
(188, 93, '2025-08-05', 105000.00, '2025-08-05'),
(189, 94, '2025-07-31', 31500.00, '2025-07-31'),
(190, 94, '2025-08-07', 31500.00, '2025-08-07'),
(191, 95, '2025-08-02', 45000.00, '2025-08-02'),
(192, 95, '2025-08-09', 45000.00, '2025-08-09'),
(193, 96, '2025-08-04', 52500.00, '2025-08-04'),
(194, 96, '2025-08-11', 52500.00, '2025-08-11'),
(195, 97, '2025-08-06', 50000.00, '2025-08-06'),
(196, 97, '2025-08-13', 50000.00, '2025-08-13'),
(197, 98, '2025-08-08', 52500.00, '2025-08-08'),
(198, 98, '2025-08-15', 52500.00, '2025-08-15'),
(199, 99, '2025-08-10', 52500.00, '2025-08-10'),
(200, 99, '2025-08-17', 52500.00, '2025-08-17'),
(201, 100, '2025-08-12', 1237500.00, '2025-08-12'),
(202, 100, '2025-08-19', 1237500.00, '2025-08-19');

--
-- Dumping data for table `items`
--

INSERT INTO `items` (`id`, `ref_no`, `name`, `price`) VALUES
(1, 'IDN-001', 'Batik Tulis Solo', 450000.00),
(2, 'IDN-002', 'Keris Jawa Kuno', 1250000.00),
(3, 'IDN-003', 'Wayang Kulit Set', 750000.00),
(4, 'IDN-004', 'Gamelan Miniatur', 850000.00),
(5, 'IDN-005', 'Tenun Ikat Flores', 350000.00),
(6, 'IDN-006', 'Kopi Luwak 250gr', 500000.00),
(7, 'IDN-007', 'Baju Koko Sutra', 250000.00),
(8, 'IDN-008', 'Sarung Gajah Duduk', 300000.00),
(9, 'IDN-009', 'Kerajinan Perak Bali', 600000.00),
(10, 'IDN-010', 'Angklung Bambu', 200000.00),
(11, 'IDN-011', 'Tas Anyar Rotan', 175000.00),
(12, 'IDN-012', 'Topeng Malangan', 150000.00),
(13, 'IDN-013', 'Brem Madiun Kotak', 75000.00),
(14, 'IDN-014', 'Keripik Tempe', 35000.00),
(15, 'IDN-015', 'Sambal Terasi ABC', 25000.00),
(16, 'IDN-016', 'Kecap Bango 275ml', 18000.00),
(17, 'IDN-017', 'Indomie Goreng 1 Dus', 120000.00),
(18, 'IDN-018', 'Teh Botol Sosro 12botol', 60000.00),
(19, 'IDN-019', 'Kopi Toraja 500gr', 150000.00),
(20, 'IDN-020', 'Gula Aren 1kg', 50000.00),
(21, 'IDN-021', 'Batik Cap Yogyakarta', 250000.00),
(22, 'IDN-022', 'Ukiran Kayu Jepara', 400000.00),
(23, 'IDN-023', 'Songket Palembang', 800000.00),
(24, 'IDN-024', 'Keramik Plered', 120000.00),
(25, 'IDN-025', 'Lumpia Semarang Frozen', 75000.00),
(26, 'IDN-026', 'Dodol Garut 500gr', 65000.00),
(27, 'IDN-027', 'Keripik Pisang Ambon', 40000.00),
(28, 'IDN-028', 'Emping Melinjo', 30000.00),
(29, 'IDN-029', 'Rendang Padang Kaleng', 55000.00),
(30, 'IDN-030', 'Sambal Roa Merah', 45000.00),
(31, 'IDN-031', 'Batik Pekalongan', 275000.00),
(32, 'IDN-032', 'Topi Borneo Tradisional', 125000.00),
(33, 'IDN-033', 'Kain Ulos Batak', 350000.00),
(34, 'IDN-034', 'Kerajinan Perunggu', 500000.00),
(35, 'IDN-035', 'Gula Kelapa 1kg', 45000.00),
(36, 'IDN-036', 'Kopi Arabika Gayo', 180000.00),
(37, 'IDN-037', 'Coklat Monggo Bali', 95000.00),
(38, 'IDN-038', 'Keripik Sanjay', 30000.00),
(39, 'IDN-039', 'Sirup Markisa', 40000.00),
(40, 'IDN-040', 'Bakpia Pathok 25', 60000.00),
(41, 'IDN-041', 'Kerajinan Kulit Cirebon', 220000.00),
(42, 'IDN-042', 'Lampion Kertas', 75000.00),
(43, 'IDN-043', 'Celengan Tanah Liat', 50000.00),
(44, 'IDN-044', 'Boneka Ondel-ondel', 150000.00),
(45, 'IDN-045', 'Kipas Kayu Ukir', 85000.00),
(46, 'IDN-046', 'Tas Rajut NTT', 120000.00),
(47, 'IDN-047', 'Gantungan Kunci Borobudur', 25000.00),
(48, 'IDN-048', 'Miniatur Candi', 100000.00),
(49, 'IDN-049', 'Kaligrafi Islami', 300000.00),
(50, 'IDN-050', 'Lukisan Kaca Cirebon', 400000.00),
(51, 'IDN-051', 'Keripik Singkong Balado', 25000.00),
(52, 'IDN-052', 'Kacang Disko', 30000.00),
(53, 'IDN-053', 'Stik Keju', 35000.00),
(54, 'IDN-054', 'Kue Lumpur Kaleng', 45000.00),
(55, 'IDN-055', 'Serabi Solo Frozen', 65000.00),
(56, 'IDN-056', 'Getuk Lindri', 40000.00),
(57, 'IDN-057', 'Wajik Ketannya', 50000.00),
(58, 'IDN-058', 'Dodol Betawi', 55000.00),
(59, 'IDN-059', 'Klepon Frozen', 45000.00),
(60, 'IDN-060', 'Lapis Legit 500gr', 120000.00),
(61, 'IDN-061', 'Kerupuk Udang', 30000.00),
(62, 'IDN-062', 'Kerupuk Ikan', 35000.00),
(63, 'IDN-063', 'Abon Sapi', 75000.00),
(64, 'IDN-064', 'Sosis Solo Frozen', 85000.00),
(65, 'IDN-065', 'Tahu Bulat Frozen', 50000.00),
(66, 'IDN-066', 'Tempe Mendoan', 40000.00),
(67, 'IDN-067', 'Bakso Sapi 500gr', 65000.00),
(68, 'IDN-068', 'Sambal Bajak', 30000.00),
(69, 'IDN-069', 'Kecap Manis Sedang', 20000.00),
(70, 'IDN-070', 'Bumbu Rawit Hijau', 25000.00),
(71, 'IDN-071', 'Bumbu Nasi Goreng', 15000.00),
(72, 'IDN-072', 'Bumbu Rendang Instan', 20000.00),
(73, 'IDN-073', 'Bumbu Soto Instan', 15000.00),
(74, 'IDN-074', 'Minyak Kelapa Murni', 60000.00),
(75, 'IDN-075', 'Madu Hutan Kalimantan', 120000.00),
(76, 'IDN-076', 'Jahe Merah Bubuk', 40000.00),
(77, 'IDN-077', 'Kunyit Bubuk', 30000.00),
(78, 'IDN-078', 'Temulawak Instan', 35000.00),
(79, 'IDN-079', 'Wedang Uwuh', 50000.00),
(80, 'IDN-080', 'Beras Pandan Wangi 5kg', 120000.00),
(81, 'IDN-081', 'Beras Hitam Organik', 150000.00),
(82, 'IDN-082', 'Mie Jawa Instan', 25000.00),
(83, 'IDN-083', 'Soun Sagu', 20000.00),
(84, 'IDN-084', 'Tepung Beras Rose', 18000.00),
(85, 'IDN-085', 'Tepung Tapioka', 15000.00),
(86, 'IDN-086', 'Gula Jawa Cetak', 30000.00),
(87, 'IDN-087', 'Garam Bukit Himalaya', 25000.00),
(88, 'IDN-088', 'Bumbu Pecel Madiun', 20000.00),
(89, 'IDN-089', 'Tahu Sumedang', 30000.00),
(90, 'IDN-090', 'Tempe Murni', 25000.00),
(91, 'IDN-091', 'Krupuk Rambak', 35000.00),
(92, 'IDN-092', 'Emping Jagung', 30000.00),
(93, 'IDN-093', 'Kacang Telur', 25000.00),
(94, 'IDN-094', 'Stik Kentang', 30000.00),
(95, 'IDN-095', 'Keripik Pare', 35000.00),
(96, 'IDN-096', 'Keripik Ubi', 30000.00),
(97, 'IDN-097', 'Opak Singkong', 25000.00),
(98, 'IDN-098', 'Rengginang', 30000.00),
(99, 'IDN-099', 'Kemplang Palembang', 40000.00),
(100, 'IDN-100', 'Kerupuk Melarat', 20000.00);

--
-- Dumping data for table `item_customer`
--

INSERT INTO `item_customer` (`id`, `item_id`, `customer_id`, `harga`) VALUES
(1, 1, 1, 455000),
(2, 2, 2, 1260000),
(3, 3, 3, 760000),
(4, 4, 4, 860000),
(5, 5, 5, 355000),
(6, 6, 6, 505000),
(7, 7, 7, 255000),
(8, 8, 8, 305000),
(9, 9, 9, 605000),
(10, 10, 10, 205000),
(11, 11, 11, 180000),
(12, 12, 12, 155000),
(13, 13, 13, 80000),
(14, 14, 14, 40000),
(15, 15, 15, 30000),
(16, 16, 16, 20000),
(17, 17, 17, 125000),
(18, 18, 18, 65000),
(19, 19, 19, 160000),
(20, 20, 20, 55000),
(21, 21, 21, 260000),
(22, 22, 22, 410000),
(23, 23, 23, 810000),
(24, 24, 24, 130000),
(25, 25, 25, 80000),
(26, 26, 26, 70000),
(27, 27, 27, 45000),
(28, 28, 28, 35000),
(29, 29, 29, 60000),
(30, 30, 30, 50000),
(31, 31, 31, 280000),
(32, 32, 32, 130000),
(33, 33, 33, 360000),
(34, 34, 34, 510000),
(35, 35, 35, 50000),
(36, 36, 36, 185000),
(37, 37, 37, 100000),
(38, 38, 38, 35000),
(39, 39, 39, 45000),
(40, 40, 40, 65000),
(41, 41, 41, 225000),
(42, 42, 42, 80000),
(43, 43, 43, 55000),
(44, 44, 44, 160000),
(45, 45, 45, 90000),
(46, 46, 46, 125000),
(47, 47, 47, 30000),
(48, 48, 48, 105000),
(49, 49, 49, 305000),
(50, 50, 50, 410000),
(51, 51, 51, 30000),
(52, 52, 52, 35000),
(53, 53, 53, 40000),
(54, 54, 54, 50000),
(55, 55, 55, 70000),
(56, 56, 56, 45000),
(57, 57, 57, 55000),
(58, 58, 58, 60000),
(59, 59, 59, 50000),
(60, 60, 60, 125000),
(61, 61, 61, 35000),
(62, 62, 62, 40000),
(63, 63, 63, 80000),
(64, 64, 64, 90000),
(65, 65, 65, 55000),
(66, 66, 66, 45000),
(67, 67, 67, 70000),
(68, 68, 68, 35000),
(69, 69, 69, 25000),
(70, 70, 70, 30000),
(71, 71, 71, 20000),
(72, 72, 72, 25000),
(73, 73, 73, 20000),
(74, 74, 74, 65000),
(75, 75, 75, 125000),
(76, 76, 76, 45000),
(77, 77, 77, 35000),
(78, 78, 78, 40000),
(79, 79, 79, 55000),
(80, 80, 80, 130000),
(81, 81, 81, 155000),
(82, 82, 82, 30000),
(83, 83, 83, 25000),
(84, 84, 84, 20000),
(85, 85, 85, 18000),
(86, 86, 86, 35000),
(87, 87, 87, 30000),
(88, 88, 88, 25000),
(89, 89, 89, 35000),
(90, 90, 90, 30000),
(91, 91, 91, 40000),
(92, 92, 92, 35000),
(93, 93, 93, 30000),
(94, 94, 94, 35000),
(95, 95, 95, 40000),
(96, 96, 96, 35000),
(97, 97, 97, 30000),
(98, 98, 98, 35000),
(99, 99, 99, 45000),
(100, 100, 100, 25000);

--
-- Dumping data for table `pic`
--

INSERT INTO `pic` (`id`, `name`, `phone`, `email`, `status`) VALUES
(1, 'Andi Wijaya', '081234567891', 'andi.wijaya@example.com', 'on'),
(2, 'Budi Santoso', '081234567892', 'budi.santoso@example.com', 'off'),
(3, 'Citra Dewi', '081234567893', 'citra.dewi@example.com', 'off'),
(4, 'Dodi Pratama', '081234567894', 'dodi.pratama@example.com', 'off'),
(5, 'Eka Putri', '081234567895', 'eka.putri@example.com', 'off'),
(6, 'Fajar Nugroho', '081234567896', 'fajar.nugroho@example.com', 'off'),
(7, 'Gita Sari', '081234567897', 'gita.sari@example.com', 'off'),
(8, 'Hendra Kurniawan', '081234567898', 'hendra.kurniawan@example.com', 'off'),
(9, 'Indah Permata', '081234567899', 'indah.permata@example.com', 'off'),
(10, 'Joko Susilo', '081234567810', 'joko.susilo@example.com', 'off'),
(11, 'Kartika Wulandari', '081234567811', 'kartika.wulandari@example.com', 'off'),
(12, 'Luki Setiawan', '081234567812', 'luki.setiawan@example.com', 'off'),
(13, 'Maya Indah', '081234567813', 'maya.indah@example.com', 'off'),
(14, 'Nia Ramadhani', '081234567814', 'nia.ramadhani@example.com', 'off'),
(15, 'Oki Pratama', '081234567815', 'oki.pratama@example.com', 'off'),
(16, 'Putri Anggraeni', '081234567816', 'putri.anggraeni@example.com', 'off'),
(17, 'Rudi Hartono', '081234567817', 'rudi.hartono@example.com', 'off'),
(18, 'Sari Dewi', '081234567818', 'sari.dewi@example.com', 'off'),
(19, 'Toni Gunawan', '081234567819', 'toni.gunawan@example.com', 'off'),
(20, 'Umi Kalsum', '081234567820', 'umi.kalsum@example.com', 'off'),
(21, 'Vino Setiawan', '081234567821', 'vino.setiawan@example.com', 'off'),
(22, 'Wulan Sari', '081234567822', 'wulan.sari@example.com', 'off'),
(23, 'Xavier Tan', '081234567823', 'xavier.tan@example.com', 'off'),
(24, 'Yuni Astuti', '081234567824', 'yuni.astuti@example.com', 'off'),
(25, 'Zaki Ramadhan', '081234567825', 'zaki.ramadhan@example.com', 'off'),
(26, 'Agus Supriyanto', '081234567826', 'agus.supriyanto@example.com', 'off'),
(27, 'Bella Puspita', '081234567827', 'bella.puspita@example.com', 'off'),
(28, 'Candra Wijaya', '081234567828', 'candra.wijaya@example.com', 'off'),
(29, 'Dewi Lestari', '081234567829', 'dewi.lestari@example.com', 'off'),
(30, 'Eko Prasetyo', '081234567830', 'eko.prasetyo@example.com', 'off'),
(31, 'Fitriani Wulandari', '081234567831', 'fitriani.wulandari@example.com', 'off'),
(32, 'Gilang Ramadhan', '081234567832', 'gilang.ramadhan@example.com', 'off'),
(33, 'Hani Fitriani', '081234567833', 'hani.fitriani@example.com', 'off'),
(34, 'Irfan Maulana', '081234567834', 'irfan.maulana@example.com', 'off'),
(35, 'Jasmine Putri', '081234567835', 'jasmine.putri@example.com', 'off'),
(36, 'Kevin Pratama', '081234567836', 'kevin.pratama@example.com', 'off'),
(37, 'Lina Marlina', '081234567837', 'lina.marlina@example.com', 'off'),
(38, 'Miko Susanto', '081234567838', 'miko.susanto@example.com', 'off'),
(39, 'Nanda Putra', '081234567839', 'nanda.putra@example.com', 'off'),
(40, 'Olivia Wijaya', '081234567840', 'olivia.wijaya@example.com', 'off'),
(41, 'Pandu Setiawan', '081234567841', 'pandu.setiawan@example.com', 'off'),
(42, 'Queen Maharani', '081234567842', 'queen.maharani@example.com', 'off'),
(43, 'Rangga Saputra', '081234567843', 'rangga.saputra@example.com', 'off'),
(44, 'Siska Amelia', '081234567844', 'siska.amelia@example.com', 'off'),
(45, 'Teguh Santoso', '081234567845', 'teguh.santoso@example.com', 'off'),
(46, 'Ujang Sudrajat', '081234567846', 'ujang.sudrajat@example.com', 'off'),
(47, 'Vina Anggraeni', '081234567847', 'vina.anggraeni@example.com', 'off'),
(48, 'Wahyu Nugroho', '081234567848', 'wahyu.nugroho@example.com', 'off'),
(49, 'Xena Puspita', '081234567849', 'xena.puspita@example.com', 'off'),
(50, 'Yoga Pratama', '081234567850', 'yoga.pratama@example.com', 'off'),
(51, 'Zahra Fitriani', '081234567851', 'zahra.fitriani@example.com', 'off'),
(52, 'Ade Kurniawan', '081234567852', 'ade.kurniawan@example.com', 'off'),
(53, 'Bayu Setiawan', '081234567853', 'bayu.setiawan@example.com', 'off'),
(54, 'Cindy Permata', '081234567854', 'cindy.permata@example.com', 'off'),
(55, 'Dani Ramadhan', '081234567855', 'dani.ramadhan@example.com', 'off'),
(56, 'Elsa Fitriani', '081234567856', 'elsa.fitriani@example.com', 'off'),
(57, 'Fandi Gunawan', '081234567857', 'fandi.gunawan@example.com', 'off'),
(58, 'Gina Melati', '081234567858', 'gina.melati@example.com', 'off'),
(59, 'Hilman Syah', '081234567859', 'hilman.syah@example.com', 'off'),
(60, 'Intan Permata', '081234567860', 'intan.permata@example.com', 'off'),
(61, 'Jefri Susanto', '081234567861', 'jefri.susanto@example.com', 'off'),
(62, 'Kiki Ramadhani', '081234567862', 'kiki.ramadhani@example.com', 'off'),
(63, 'Lutfi Setiawan', '081234567863', 'lutfi.setiawan@example.com', 'off'),
(64, 'Mira Susanti', '081234567864', 'mira.susanti@example.com', 'off'),
(65, 'Nino Wijaya', '081234567865', 'nino.wijaya@example.com', 'off'),
(66, 'Opi Setiawan', '081234567866', 'opi.setiawan@example.com', 'off'),
(67, 'Putra Nugraha', '081234567867', 'putra.nugraha@example.com', 'off'),
(68, 'Qisty Anggraeni', '081234567868', 'qisty.anggraeni@example.com', 'off'),
(69, 'Rizky Pratama', '081234567869', 'rizky.pratama@example.com', 'off'),
(70, 'Santi Wulandari', '081234567870', 'santi.wulandari@example.com', 'off'),
(71, 'Taufik Hidayat', '081234567871', 'taufik.hidayat@example.com', 'off'),
(72, 'Umi Kulsum', '081234567872', 'umi.kulsum@example.com', 'off'),
(73, 'Vito Setiawan', '081234567873', 'vito.setiawan@example.com', 'off'),
(74, 'Winda Sari', '081234567874', 'winda.sari@example.com', 'off'),
(75, 'Yuda Pratama', '081234567875', 'yuda.pratama@example.com', 'off'),
(76, 'Zelda Fitriani', '081234567876', 'zelda.fitriani@example.com', 'off'),
(77, 'Aji Santoso', '081234567877', 'aji.santoso@example.com', 'off'),
(78, 'Bimo Wijaya', '081234567878', 'bimo.wijaya@example.com', 'off'),
(79, 'Cinta Dewi', '081234567879', 'cinta.dewi@example.com', 'off'),
(80, 'Dafa Ramadhan', '081234567880', 'dafa.ramadhan@example.com', 'off'),
(81, 'Eva Permata', '081234567881', 'eva.permata@example.com', 'off'),
(82, 'Fikri Setiawan', '081234567882', 'fikri.setiawan@example.com', 'off'),
(83, 'Gita Anggraeni', '081234567883', 'gita.anggraeni@example.com', 'off'),
(84, 'Hadi Susanto', '081234567884', 'hadi.susanto@example.com', 'off'),
(85, 'Ira Wulandari', '081234567885', 'ira.wulandari@example.com', 'off'),
(86, 'Joni Setiawan', '081234567886', 'joni.setiawan@example.com', 'off'),
(87, 'Kania Permata', '081234567887', 'kania.permata@example.com', 'off'),
(88, 'Luki Pratama', '081234567888', 'luki.pratama@example.com', 'off'),
(89, 'Mila Sari', '081234567889', 'mila.sari@example.com', 'off'),
(90, 'Nando Setiawan', '081234567890', 'nando.setiawan@example.com', 'off'),
(91, 'Oki Ramadhan', '081234567801', 'oki.ramadhan@example.com', 'off'),
(92, 'Putri Wulandari', '081234567802', 'putri.wulandari@example.com', 'off'),
(93, 'Rama Setiawan', '081234567803', 'rama.setiawan@example.com', 'off'),
(94, 'Siska Permata', '081234567804', 'siska.permata@example.com', 'off'),
(95, 'Toni Gunawan', '081234567805', 'toni.gunawan@example.com', 'off'),
(96, 'Uci Anggraeni', '081234567806', 'uci.anggraeni@example.com', 'off'),
(97, 'Vino Pratama', '081234567807', 'vino.pratama@example.com', 'off'),
(98, 'Wira Setiawan', '081234567808', 'wira.setiawan@example.com', 'off'),
(99, 'Xena Permata', '081234567809', 'xena.permata@example.com', 'off'),
(100, 'Yoga Maulana', '081234567800', 'yoga.maulana@example.com', 'off');

--
-- Dumping data for table `suppliers`
--

INSERT INTO `suppliers` (`id`, `ref_no`, `name`) VALUES
(1, 'SUP-001', 'PT Sumber Makmur Abadi'),
(2, 'SUP-002', 'CV Jaya Baru Sejahtera'),
(3, 'SUP-003', 'UD Mandiri Sentosa'),
(4, 'SUP-004', 'PT Bintang Terang'),
(5, 'SUP-005', 'CV Anugerah Mulia'),
(6, 'SUP-006', 'PT Graha Indah'),
(7, 'SUP-007', 'UD Sinar Jaya'),
(8, 'SUP-008', 'PT Mitra Usaha'),
(9, 'SUP-009', 'CV Cemerlang Abadi'),
(10, 'SUP-010', 'PT Harapan Bangsa'),
(11, 'SUP-011', 'UD Tunas Baru'),
(12, 'SUP-012', 'PT Surya Kencana'),
(13, 'SUP-013', 'CV Bumi Pratama'),
(14, 'SUP-014', 'PT Anugerah Jaya'),
(15, 'SUP-015', 'UD Mutiara Indah'),
(16, 'SUP-016', 'PT Sentosa Abadi'),
(17, 'SUP-017', 'CV Bintang Utama'),
(18, 'SUP-018', 'PT Makmur Sejahtera'),
(19, 'SUP-019', 'UD Barokah Jaya'),
(20, 'SUP-020', 'PT Graha Mulia'),
(21, 'SUP-021', 'CV Sejahtera Bersama'),
(22, 'SUP-022', 'PT Sinar Baru'),
(23, 'SUP-023', 'UD Tunas Jaya'),
(24, 'SUP-024', 'PT Mitra Baru'),
(25, 'SUP-025', 'CV Sentosa Jaya'),
(26, 'SUP-026', 'PT Bumi Indah'),
(27, 'SUP-027', 'UD Makmur Abadi'),
(28, 'SUP-028', 'PT Cemerlang Jaya'),
(29, 'SUP-029', 'CV Anugerah Sentosa'),
(30, 'SUP-030', 'PT Jaya Abadi'),
(31, 'SUP-031', 'UD Bintang Mulia'),
(32, 'SUP-032', 'PT Sejahtera Baru'),
(33, 'SUP-033', 'CV Tunas Makmur'),
(34, 'SUP-034', 'PT Mitra Makmur'),
(35, 'SUP-035', 'UD Sentosa Makmur'),
(36, 'SUP-036', 'PT Graha Sentosa'),
(37, 'SUP-037', 'CV Bintang Jaya'),
(38, 'SUP-038', 'PT Anugerah Makmur'),
(39, 'SUP-039', 'UD Sejahtera Makmur'),
(40, 'SUP-040', 'PT Surya Abadi'),
(41, 'SUP-041', 'CV Mandiri Makmur'),
(42, 'SUP-042', 'PT Barokah Makmur'),
(43, 'SUP-043', 'UD Graha Baru'),
(44, 'SUP-044', 'PT Bumi Makmur'),
(45, 'SUP-045', 'CV Sinar Makmur'),
(46, 'SUP-046', 'PT Makmur Abadi'),
(47, 'SUP-047', 'UD Cemerlang Makmur'),
(48, 'SUP-048', 'PT Anugerah Baru'),
(49, 'SUP-049', 'CV Jaya Sentosa'),
(50, 'SUP-050', 'PT Bintang Makmur'),
(51, 'SUP-051', 'UD Sejahtera Makmur'),
(52, 'SUP-052', 'PT Tunas Makmur'),
(53, 'SUP-053', 'CV Mitra Makmur'),
(54, 'SUP-054', 'PT Sentosa Makmur'),
(55, 'SUP-055', 'UD Graha Makmur'),
(56, 'SUP-056', 'PT Mutiara Makmur'),
(57, 'SUP-057', 'CV Bintang Makmur'),
(58, 'SUP-058', 'PT Anugerah Makmur'),
(59, 'SUP-059', 'UD Sejahtera Makmur'),
(60, 'SUP-060', 'PT Surya Makmur'),
(61, 'SUP-061', 'CV Mandiri Makmur'),
(62, 'SUP-062', 'PT Barokah Makmur'),
(63, 'SUP-063', 'UD Graha Makmur'),
(64, 'SUP-064', 'PT Bumi Makmur'),
(65, 'SUP-065', 'CV Sinar Makmur'),
(66, 'SUP-066', 'PT Makmur Makmur'),
(67, 'SUP-067', 'UD Cemerlang Makmur'),
(68, 'SUP-068', 'PT Anugerah Makmur'),
(69, 'SUP-069', 'CV Jaya Makmur'),
(70, 'SUP-070', 'PT Bintang Makmur'),
(71, 'SUP-071', 'UD Sejahtera Makmur'),
(72, 'SUP-072', 'PT Tunas Makmur'),
(73, 'SUP-073', 'CV Mitra Makmur'),
(74, 'SUP-074', 'PT Sentosa Makmur'),
(75, 'SUP-075', 'UD Graha Makmur'),
(76, 'SUP-076', 'PT Mutiara Makmur'),
(77, 'SUP-077', 'CV Bintang Makmur'),
(78, 'SUP-078', 'PT Anugerah Makmur'),
(79, 'SUP-079', 'UD Sejahtera Makmur'),
(80, 'SUP-080', 'PT Surya Makmur'),
(81, 'SUP-081', 'CV Mandiri Makmur'),
(82, 'SUP-082', 'PT Barokah Makmur'),
(83, 'SUP-083', 'UD Graha Makmur'),
(84, 'SUP-084', 'PT Bumi Makmur'),
(85, 'SUP-085', 'CV Sinar Makmur'),
(86, 'SUP-086', 'PT Makmur Makmur'),
(87, 'SUP-087', 'UD Cemerlang Makmur'),
(88, 'SUP-088', 'PT Anugerah Makmur'),
(89, 'SUP-089', 'CV Jaya Makmur'),
(90, 'SUP-090', 'PT Bintang Makmur'),
(91, 'SUP-091', 'UD Sejahtera Makmur'),
(92, 'SUP-092', 'PT Tunas Makmur'),
(93, 'SUP-093', 'CV Mitra Makmur'),
(94, 'SUP-094', 'PT Sentosa Makmur'),
(95, 'SUP-095', 'UD Graha Makmur'),
(96, 'SUP-096', 'PT Mutiara Makmur'),
(97, 'SUP-097', 'CV Bintang Makmur'),
(98, 'SUP-098', 'PT Anugerah Makmur'),
(99, 'SUP-099', 'UD Sejahtera Makmur'),
(100, 'SUP-100', 'PT Surya Makmur');
COMMIT;

/*!40101 SET CHARACTER_SET_CLIENT=@OLD_CHARACTER_SET_CLIENT */;
/*!40101 SET CHARACTER_SET_RESULTS=@OLD_CHARACTER_SET_RESULTS */;
/*!40101 SET COLLATION_CONNECTION=@OLD_COLLATION_CONNECTION */;
